{"lodTreeExport":{"name":"Tile_-3633_10601_0000","status":{"lodCount":4,"tilesCount":11},"tileInfo":{"boundingBox":{"max":{"x":1201.186703460543,"y":79.71278461026745,"z":28.49207062797561},"min":{"x":433.4905020651315,"y":-843.4152805079127,"z":4.903960484950737}},"children":[{"tileInfo":{"boundingBox":{"max":{"x":1201.186703460543,"y":79.71278461026745,"z":8.314701625037571},"min":{"x":433.4905020651315,"y":-474.3343368782491,"z":4.903960484950737}},"children":[{"tileInfo":{"boundingBox":{"max":{"x":1164.912770097116,"y":79.71278461026745,"z":5.103154742132946},"min":{"x":476.0063621918212,"y":-113.0401752459160,"z":4.991267934711043}},"children":[{"tileInfo":{"boundingBox":{"max":{"x":1164.912770097116,"y":79.71278461026745,"z":5.103154742132946},"min":{"x":476.0063621918212,"y":-113.0401752459160,"z":4.991267934711043}},"lodNum":3,"modelPath":"Tile_-3633_10601_0000_0000_0000.s3mb","rangeMode":"pixelSizeOnScreen","rangeValue":8.0}}],"lodNum":2,"modelPath":"Tile_-3633_10601_0000_0001_0000.s3mb","rangeMode":"pixelSizeOnScreen","rangeValue":4.0}},{"tileInfo":{"boundingBox":{"max":{"x":1201.186703460543,"y":78.25564431601947,"z":4.985164942310384},"min":{"x":433.4905020651315,"y":-474.3343368782491,"z":4.903960484950737}},"children":[{"tileInfo":{"boundingBox":{"max":{"x":1201.186703460543,"y":78.25564431601947,"z":4.985164942310384},"min":{"x":433.4905020651315,"y":-474.3343368782491,"z":4.903960484950737}},"lodNum":3,"modelPath":"Tile_-3633_10601_0000_0000_0001.s3mb","rangeMode":"pixelSizeOnScreen","rangeValue":8.0}}],"lodNum":2,"modelPath":"Tile_-3633_10601_0000_0001_0001.s3mb","rangeMode":"pixelSizeOnScreen","rangeValue":4.0}},{"tileInfo":{"boundingBox":{"max":{"x":1161.802553966420,"y":72.80140157439286,"z":8.314701625037571},"min":{"x":796.6090378002953,"y":-471.1547938356808,"z":4.937762333845887}},"children":[{"tileInfo":{"boundingBox":{"max":{"x":1161.802553966420,"y":72.80140157439286,"z":8.314701625037571},"min":{"x":796.6090378002953,"y":-471.1547938356808,"z":4.937762333845887}},"lodNum":3,"modelPath":"Tile_-3633_10601_0000_0000_0002.s3mb","rangeMode":"pixelSizeOnScreen","rangeValue":8.0}}],"lodNum":2,"modelPath":"Tile_-3633_10601_0000_0001_0002.s3mb","rangeMode":"pixelSizeOnScreen","rangeValue":4.0}}],"lodNum":1,"modelPath":"Tile_-3633_10601_0000_0002_0000.s3mb","rangeMode":"pixelSizeOnScreen","rangeValue":2.0}},{"tileInfo":{"boundingBox":{"max":{"x":1150.385130987234,"y":-479.9197337536369,"z":28.49207062797561},"min":{"x":703.0835334013445,"y":-843.4152805079127,"z":4.911381775568890}},"children":[{"tileInfo":{"boundingBox":{"max":{"x":1150.385130987234,"y":-479.9197337536369,"z":28.49207062797561},"min":{"x":703.0835334013445,"y":-843.4152805079127,"z":4.911381775568890}},"children":[{"tileInfo":{"boundingBox":{"max":{"x":1150.385130987234,"y":-479.9197337536369,"z":28.49207062797561},"min":{"x":703.0835334013445,"y":-843.4152805079127,"z":4.911381775568890}},"lodNum":3,"modelPath":"Tile_-3633_10601_0000_0000_0003.s3mb","rangeMode":"pixelSizeOnScreen","rangeValue":8.0}}],"lodNum":2,"modelPath":"Tile_-3633_10601_0000_0001_0003.s3mb","rangeMode":"pixelSizeOnScreen","rangeValue":4.0}}],"lodNum":1,"modelPath":"Tile_-3633_10601_0000_0002_0001.s3mb","rangeMode":"pixelSizeOnScreen","rangeValue":2.0}}],"lodNum":0,"modelPath":"Tile_-3633_10601_0000.s3mb","rangeMode":"pixelSizeOnScreen","rangeValue":1.0}}}
