{"lodTreeExport":{"name":"Tile_-3633_10600_0000","status":{"lodCount":5,"tilesCount":51},"tileInfo":{"boundingBox":{"max":{"x":1201.187089690801,"y":1127.382176504861,"z":28.54648889320556},"min":{"x":-1157.329277847913,"y":-1691.539102314746,"z":2.841990469359982}},"children":[{"tileInfo":{"boundingBox":{"max":{"x":1167.583053393376,"y":1127.382176504861,"z":28.54648889320556},"min":{"x":-1139.697083871565,"y":-816.6088058420417,"z":3.607009216760570}},"children":[{"tileInfo":{"boundingBox":{"max":{"x":-148.7478572216538,"y":170.6901454013422,"z":28.54648889320556},"min":{"x":-259.4550173081656,"y":-290.4579328348237,"z":4.991984445079371}},"children":[{"tileInfo":{"boundingBox":{"max":{"x":-148.7478572216538,"y":170.6901454013422,"z":28.54648889320556},"min":{"x":-259.4550173081656,"y":-290.4579328348237,"z":4.991984445079371}},"lodNum":3,"modelPath":"Tile_-3633_10600_0000_0000_0000.s3mb","rangeMode":"pixelSizeOnScreen","rangeValue":8.0}}],"lodNum":2,"modelPath":"Tile_-3633_10600_0000_0001_0000.s3mb","rangeMode":"pixelSizeOnScreen","rangeValue":4.0}},{"tileInfo":{"boundingBox":{"max":{"x":-178.7820872006762,"y":-184.7659776213565,"z":28.54382406560344},"min":{"x":-230.5110451118754,"y":-364.9009506250160,"z":4.985400686872347}},"children":[{"tileInfo":{"boundingBox":{"max":{"x":-178.7820872006762,"y":-184.7659776213565,"z":28.54382406560344},"min":{"x":-230.5110451118754,"y":-364.9009506250160,"z":4.985400686872347}},"lodNum":3,"modelPath":"Tile_-3633_10600_0000_0000_0001.s3mb","rangeMode":"pixelSizeOnScreen","rangeValue":8.0}}],"lodNum":2,"modelPath":"Tile_-3633_10600_0000_0001_0001.s3mb","rangeMode":"pixelSizeOnScreen","rangeValue":4.0}},{"tileInfo":{"boundingBox":{"max":{"x":1167.583053393376,"y":1127.382176504861,"z":17.34266088579289},"min":{"x":-1139.697083871565,"y":-816.6088058420417,"z":3.697863496382747}},"children":[{"tileInfo":{"boundingBox":{"max":{"x":1167.583053393376,"y":1127.382176504861,"z":17.34266088579289},"min":{"x":-1139.697083871565,"y":-816.6088058420417,"z":3.697863496382747}},"lodNum":3,"modelPath":"Tile_-3633_10600_0000_0000_0002.s3mb","rangeMode":"pixelSizeOnScreen","rangeValue":8.0}}],"lodNum":2,"modelPath":"Tile_-3633_10600_0000_0001_0002.s3mb","rangeMode":"pixelSizeOnScreen","rangeValue":4.0}},{"tileInfo":{"boundingBox":{"max":{"x":314.7806219824547,"y":-149.0919085233329,"z":24.75066896553297},"min":{"x":-167.6177120077480,"y":-460.3729574414117,"z":3.607009216760570}},"children":[{"tileInfo":{"boundingBox":{"max":{"x":314.7806219824547,"y":-149.0919085233329,"z":24.75066896553297},"min":{"x":-167.6177120077480,"y":-460.3729574414117,"z":3.607009216760570}},"lodNum":3,"modelPath":"Tile_-3633_10600_0000_0000_0003.s3mb","rangeMode":"pixelSizeOnScreen","rangeValue":8.0}}],"lodNum":2,"modelPath":"Tile_-3633_10600_0000_0001_0003.s3mb","rangeMode":"pixelSizeOnScreen","rangeValue":4.0}}],"lodNum":1,"modelPath":"Tile_-3633_10600_0000_0002_0000.s3mb","rangeMode":"pixelSizeOnScreen","rangeValue":2.0}},{"tileInfo":{"boundingBox":{"max":{"x":779.0587268072454,"y":304.0381964515210,"z":28.53185413939001},"min":{"x":-1157.329277847913,"y":-1691.539102314746,"z":2.841990469359982}},"children":[{"tileInfo":{"boundingBox":{"max":{"x":779.0587268072454,"y":304.0381964515210,"z":28.53185413939001},"min":{"x":-1157.329277847913,"y":-1691.539102314746,"z":2.841990469359982}},"children":[{"tileInfo":{"boundingBox":{"max":{"x":779.0587268072454,"y":304.0381964515210,"z":28.53185413939001},"min":{"x":-1157.329277847913,"y":-1691.544056323691,"z":2.849256639289242}},"children":[{"tileInfo":{"boundingBox":{"max":{"x":-117.2365088563199,"y":-114.2900984126459,"z":5.309887168655721},"min":{"x":-300.5877673564482,"y":-895.9513236662228,"z":4.939762275833195}},"lodNum":4,"modelPath":"Tile_-3633_10600_0000_-0001_0004.s3mb","rangeMode":"pixelSizeOnScreen","rangeValue":16.0}},{"tileInfo":{"boundingBox":{"max":{"x":779.0587268072454,"y":-304.7889944304073,"z":19.67026830497320},"min":{"x":-1157.329277847913,"y":-867.8811103843560,"z":4.937139544934401}},"lodNum":4,"modelPath":"Tile_-3633_10600_0000_-0001_0005.s3mb","rangeMode":"pixelSizeOnScreen","rangeValue":16.0}},{"tileInfo":{"boundingBox":{"max":{"x":-124.3365432628469,"y":-509.4299082461396,"z":23.38249228031490},"min":{"x":-287.8920422466864,"y":-1691.544056323691,"z":2.849256639289242}},"lodNum":4,"modelPath":"Tile_-3633_10600_0000_-0001_0006.s3mb","rangeMode":"pixelSizeOnScreen","rangeValue":16.0}},{"tileInfo":{"boundingBox":{"max":{"x":-181.8811688628332,"y":304.0215408339997,"z":18.27056232664335},"min":{"x":-242.2818541317765,"y":-1691.526026382043,"z":4.849074309246740}},"lodNum":4,"modelPath":"Tile_-3633_10600_0000_-0001_0007.s3mb","rangeMode":"pixelSizeOnScreen","rangeValue":16.0}},{"tileInfo":{"boundingBox":{"max":{"x":-139.6166152032281,"y":-515.5023391898945,"z":22.58198130278423},"min":{"x":-278.7078366539104,"y":-1156.655222944046,"z":13.14277069213180}},"lodNum":4,"modelPath":"Tile_-3633_10600_0000_-0001_0008.s3mb","rangeMode":"pixelSizeOnScreen","rangeValue":16.0}},{"tileInfo":{"boundingBox":{"max":{"x":-120.2534098520702,"y":-507.5007973570702,"z":22.58546614835142},"min":{"x":-295.6475182040329,"y":-1156.655213065706,"z":12.91021692062538}},"lodNum":4,"modelPath":"Tile_-3633_10600_0000_-0001_0009.s3mb","rangeMode":"pixelSizeOnScreen","rangeValue":16.0}},{"tileInfo":{"boundingBox":{"max":{"x":49.23880607017026,"y":-123.1470549499890,"z":23.02468433366212},"min":{"x":-464.5623727481294,"y":-516.0672564320283,"z":4.970134450374554}},"lodNum":4,"modelPath":"Tile_-3633_10600_0000_-0001_0010.s3mb","rangeMode":"pixelSizeOnScreen","rangeValue":16.0}},{"tileInfo":{"boundingBox":{"max":{"x":49.25625540553853,"y":-123.1443616305437,"z":23.02999460710543},"min":{"x":-464.5707212079651,"y":-516.0709133203643,"z":4.969821331707556}},"lodNum":4,"modelPath":"Tile_-3633_10600_0000_-0001_0011.s3mb","rangeMode":"pixelSizeOnScreen","rangeValue":16.0}},{"tileInfo":{"boundingBox":{"max":{"x":-191.5256487353264,"y":-549.1618896114092,"z":20.53703001769573},"min":{"x":-230.9847023819613,"y":-866.9256425722649,"z":15.99134189228485}},"lodNum":4,"modelPath":"Tile_-3633_10600_0000_-0001_0012.s3mb","rangeMode":"pixelSizeOnScreen","rangeValue":16.0}},{"tileInfo":{"boundingBox":{"max":{"x":-206.6579098254798,"y":-1281.604347456359,"z":17.39728739735210},"min":{"x":-238.5515446619974,"y":-1501.829611822952,"z":8.944921008597996}},"lodNum":4,"modelPath":"Tile_-3633_10600_0000_-0001_0013.s3mb","rangeMode":"pixelSizeOnScreen","rangeValue":16.0}},{"tileInfo":{"boundingBox":{"max":{"x":-202.9591524381148,"y":-1058.910266067121,"z":17.42163037779805},"min":{"x":-234.9017690848550,"y":-1282.071942765666,"z":16.09631578676732}},"lodNum":4,"modelPath":"Tile_-3633_10600_0000_-0001_0014.s3mb","rangeMode":"pixelSizeOnScreen","rangeValue":16.0}},{"tileInfo":{"boundingBox":{"max":{"x":-182.6426051995490,"y":92.36572341711144,"z":13.34968271869696},"min":{"x":-216.8324270439224,"y":-14.84890140367543,"z":12.03362117401667}},"lodNum":4,"modelPath":"Tile_-3633_10600_0000_-0001_0015.s3mb","rangeMode":"pixelSizeOnScreen","rangeValue":16.0}},{"tileInfo":{"boundingBox":{"max":{"x":-182.6455091046569,"y":-14.2828354827750,"z":13.33808240452564},"min":{"x":-219.7976267442767,"y":-193.3761940536932,"z":12.01522287499654}},"lodNum":4,"modelPath":"Tile_-3633_10600_0000_-0001_0016.s3mb","rangeMode":"pixelSizeOnScreen","rangeValue":16.0}},{"tileInfo":{"boundingBox":{"max":{"x":-186.670739227340,"y":-258.5337447463780,"z":22.28767317913746},"min":{"x":-225.7201964758337,"y":-549.7277645327881,"z":12.49693990932235}},"lodNum":4,"modelPath":"Tile_-3633_10600_0000_-0001_0017.s3mb","rangeMode":"pixelSizeOnScreen","rangeValue":16.0}},{"tileInfo":{"boundingBox":{"max":{"x":-20.53346961440531,"y":-475.7601228510664,"z":12.30908273010941},"min":{"x":-120.2573555698070,"y":-511.9711425015980,"z":6.338750406347038}},"lodNum":4,"modelPath":"Tile_-3633_10600_0000_-0001_0018.s3mb","rangeMode":"pixelSizeOnScreen",