{"lodTreeExport":{"name":"Tile_-3634_10600_0000","status":{"lodCount":5,"tilesCount":29},"tileInfo":{"boundingBox":{"max":{"x":1217.865962146890,"y":1661.152872845398,"z":28.54159323567113},"min":{"x":-1161.506558002088,"y":-220.2100868519319,"z":3.010337087243397}},"children":[{"tileInfo":{"boundingBox":{"max":{"x":450.5902814170907,"y":1661.152872845398,"z":28.48677554734430},"min":{"x":-242.4197160079418,"y":303.3947370473808,"z":3.010337087243397}},"children":[{"tileInfo":{"boundingBox":{"max":{"x":-199.3109972323732,"y":1387.218308199478,"z":28.48677554734430},"min":{"x":-242.4197160079418,"y":303.3947370473808,"z":3.010337087243397}},"children":[{"tileInfo":{"boundingBox":{"max":{"x":-199.3234865754579,"y":1387.218388020776,"z":28.48677554734430},"min":{"x":-242.4197160079418,"y":303.3949843293595,"z":2.882723341689211}},"children":[{"tileInfo":{"boundingBox":{"max":{"x":-202.0975572881898,"y":1387.218388020776,"z":13.66905530046767},"min":{"x":-237.2669764443777,"y":641.4549316274392,"z":2.882723341689211}},"lodNum":4,"modelPath":"Tile_-3634_10600_0000_-0001_0000.s3mb","rangeMode":"pixelSizeOnScreen","rangeValue":16.0}},{"tileInfo":{"boundingBox":{"max":{"x":-199.9312742650433,"y":1387.207783007730,"z":13.37688092756826},"min":{"x":-236.8625504282820,"y":303.3949843293595,"z":4.987287815565807}},"lodNum":4,"modelPath":"Tile_-3634_10600_0000_-0001_0001.s3mb","rangeMode":"pixelSizeOnScreen","rangeValue":16.0}},{"tileInfo":{"boundingBox":{"max":{"x":-199.3234865754579,"y":1068.481834686233,"z":28.48677554734430},"min":{"x":-242.4197160079418,"y":303.4152950753219,"z":2.987463637209038}},"lodNum":4,"modelPath":"Tile_-3634_10600_0000_-0001_0002.s3mb","rangeMode":"pixelSizeOnScreen","rangeValue":16.0}}],"lodNum":3,"modelPath":"Tile_-3634_10600_0000_0000_0000.s3mb","rangeMode":"pixelSizeOnScreen","rangeValue":8.0}}],"lodNum":2,"modelPath":"Tile_-3634_10600_0000_0001_0000.s3mb","rangeMode":"pixelSizeOnScreen","rangeValue":4.0}},{"tileInfo":{"boundingBox":{"max":{"x":450.5902814170907,"y":1661.152872845398,"z":4.980358998894277},"min":{"x":-186.9528928335704,"y":1175.209565748972,"z":4.901583112153249}},"children":[{"tileInfo":{"boundingBox":{"max":{"x":450.5902814170907,"y":1661.152872845398,"z":4.980358998894277},"min":{"x":-186.9528928335704,"y":1175.209565748972,"z":4.901583112153249}},"lodNum":3,"modelPath":"Tile_-3634_10600_0000_0000_0001.s3mb","rangeMode":"pixelSizeOnScreen","rangeValue":8.0}}],"lodNum":2,"modelPath":"Tile_-3634_10600_0000_0001_0001.s3mb","rangeMode":"pixelSizeOnScreen","rangeValue":4.0}},{"tileInfo":{"boundingBox":{"max":{"x":434.2505501782284,"y":1145.536766232992,"z":6.598045956052893},"min":{"x":-189.5043167205581,"y":814.6537683540212,"z":4.950427571513469}},"children":[{"tileInfo":{"boundingBox":{"max":{"x":434.2505501782284,"y":1145.536766232992,"z":6.598045956052893},"min":{"x":-189.5043167205581,"y":814.6537683540212,"z":4.950427571513469}},"lodNum":3,"modelPath":"Tile_-3634_10600_0000_0000_0002.s3mb","rangeMode":"pixelSizeOnScreen","rangeValue":8.0}}],"lodNum":2,"modelPath":"Tile_-3634_10600_0000_0001_0002.s3mb","rangeMode":"pixelSizeOnScreen","rangeValue":4.0}}],"lodNum":1,"modelPath":"Tile_-3634_10600_0000_0002_0000.s3mb","rangeMode":"pixelSizeOnScreen","rangeValue":2.0}},{"tileInfo":{"boundingBox":{"max":{"x":1217.865962146890,"y":1445.333106233406,"z":28.54159323567113},"min":{"x":-1161.506558002088,"y":-220.2100868519319,"z":4.894493606315606}},"children":[{"tileInfo":{"boundingBox":{"max":{"x":130.2758665532193,"y":1404.826350305005,"z":28.52200171356201},"min":{"x":-242.1985247550752,"y":-93.25728259131279,"z":4.947821890428141}},"children":[{"tileInfo":{"boundingBox":{"max":{"x":130.2758665532193,"y":1404.826350305005,"z":28.52200171356201},"min":{"x":-242.1985247550752,"y":-93.25728259131279,"z":4.947821890428141}},"lodNum":3,"modelPath":"Tile_-3634_10600_0000_0000_0003.s3mb","rangeMode":"pixelSizeOnScreen","rangeValue":8.0}}],"lodNum":2,"modelPath":"Tile_-3634_10600_0000_0001_0003.s3mb","rangeMode":"pixelSizeOnScreen","rangeValue":4.0}},{"tileInfo":{"boundingBox":{"max":{"x":128.8273141657228,"y":459.7050627201321,"z":28.54159323567113},"min":{"x":-233.3196855629606,"y":88.80095507753336,"z":4.979203320945222}},"children":[{"tileInfo":{"boundingBox":{"max":{"x":128.8273141657228,"y":459.7050627201321,"z":28.54159323567113},"min":{"x":-233.3196855629606,"y":88.80095507753336,"z":4.979203320945222}},"lodNum":3,"modelPath":"Tile_-3634_10600_0000_0000_0004.s3mb","rangeMode":"pixelSizeOnScreen","rangeValue":8.0}}],"lodNum":2,"modelPath":"Tile_-3634_10600_0000_0001_0004.s3mb","rangeMode":"pixelSizeOnScreen","rangeValue":4.0}},{"tileInfo":{"boundingBox":{"max":{"x":1217.865962146890,"y":1445.333106233406,"z":28.52382209047010},"min":{"x":-1161.506558002088,"y":-220.2100868519319,"z":4.894493606315606}},"children":[{"tileInfo":{"boundingBox":{"max":{"x":1217.865962146890,"y":1445.325751566963,"z":28.52382209047010},"min":{"x":-1161.506558002088,"y":-220.2100867998170,"z":4.892853021544727}},"children":[{"tileInfo":{"boundingBox":{"max":{"x":1217.865962146890,"y":1445.084629702936,"z":5.044535962931899},"min":{"x":-1161.506558002088,"y":-119.8830469301469,"z":4.892853021544727}},"lodNum":4,"modelPath":"Tile_-3634_10600_0000_-0001_0007.s3mb","rangeMode":"pixelSizeOnScreen","rangeValue":16.0}},{"tileInfo":{"boundingBox":{"max":{"x":450.7874587679331,"y":1445.325751566963,"z":6.742528213363736},"min":{"x":-255.5311803060963,"y":-220.2100867998170,"z":4.896587221757031}},"lodNum":4,"modelPath":"Tile_-3634_10600_0000_-0001_0008.s3mb","rangeMode":"pixelSizeOnScreen","rangeValue":16.0}},{"tileInfo":{"boundingBox":{"max":{"x":1154.085907136083,"y":974.7718210528919,"z":28.52382209047010},"min":{"x":-963.8993735931598,"y":303.3948635708957,"z":4.969662858276753}},"lodNum":4,"modelPath":"Tile_-3634_10600_0000_-0001_0009.s3mb","rangeMode":"pixelSizeOnScreen","rangeValue":16.0}}],"lodNum":3,"modelPath":"Tile_-3634_10600_0000_0000_0005.s3mb","rangeMode":"pixelSizeOnScreen","rangeValue":8.0}}],"lodNum":2,"modelPath":"Tile_-3634_10600_0000_0001_0005.s3mb","rangeMode":"pixelSizeOnScreen","rangeValue":4.0}},{"tileInfo":{"boundingBox":{"max":{"x":444.4410130976792,"y":669.4502026508675,"z":28.52455727558044},"min":{"x":-184.0369247000895,"y":96.87897509247358,"z":4.976513591334835}},"children":[{"tileInfo":{"boundingBox":{"max":{"x":444.4410130976792,"y":669.4502026508675,"z":28.52455727558044},"min":{"x":-184.0369247000895,"y":96.87897509247358,"z":4.976513591334835}},"lodNum":3,"modelPath":"Tile_-3634_10600_0000_0000_0006.s3mb","rangeMode":"pixelSizeOnScreen","rangeValue":8.0}}],"lodNum":2,"modelPath":"Tile_-3634_10600_0000_0001_0006.s3mb","rangeMode":"pixelSizeOnScreen","rangeValue":4.0}}],"lodNum":1,"modelPath":"Tile_-3634_10600_0000_0002_0001.s3mb","rangeMode":"pixelSizeOnScreen","rangeValue":2.0}},{"tileInfo":{"boundingBox":{"max":{"x":843.7145239765691,"y":1134.443603472932,"z":5.048901856352737},"min":{"x":475.4420099879035,"y":747.5666240221509,"z":4.944063590856386}},"children":[{"tileInfo":{"boundingBox":{"max":{"x":843.7145239765691,"y":1134.443603472932,"z":5.048901856352737},"min":{"x":475.4420099879035,"y":747.5666240221509,"z":4.944063590856386}},"children":[{"tileInfo":{"boundingBox":{"max":{"x":843.7145239765691,"y":1134.443603472932,"z":5.048901856352737},"min":{"x":475.4420099879035,"y":747.5666240221509,"z":4.944063590856386}},"lodNum":3,"modelPath":"Tile_-3634_10600_0000_0000_0007.s3mb","rangeMode":"pixelSizeOnScreen","rangeValue":8.0}}],"lodNum":2,"modelPath":"Tile_-3634_10600_0000_0001_0007.s3mb","rangeMode":"pixelSizeOnScreen","rangeValue":4.0}}],"lodNum":1,"modelPath":"Tile_-3634_10600_0000_0002_0002.s3mb","rangeMode":"pixelSizeOnScreen","rangeValue":2.0}},{"tileInfo":{"boundingBox":{"max":{"x":878.0853887379053,"y":975.9061350453785,"z":28.52430400102622},"min":{"x":103.9469613910818,"y":92.49573605771286,"z":4.956187659656184}},"children":[{"tileInfo":{"boundingBox":{"max":{"x":878.0853887379053,