{"lodTreeExport":{"name":"Tile_-1817_5300_0000","status":{"lodCount":4,"tilesCount":4},"tileInfo":{"boundingBox":{"max":{"x":2421.281982419547,"y":2073.513427776516,"z":5.007439684851580},"min":{"x":-2421.281982424204,"y":-2072.744384723482,"z":4.992514697189086}},"children":[{"tileInfo":{"boundingBox":{"max":{"x":2421.281982419547,"y":2073.513427776516,"z":5.007439684851580},"min":{"x":-2421.281982424204,"y":-2072.744384723482,"z":4.992514697189086}},"children":[{"tileInfo":{"boundingBox":{"max":{"x":2421.281982419547,"y":2073.513427776516,"z":5.007439684851580},"min":{"x":-2421.281982424204,"y":-2072.744384723482,"z":4.992514697189086}},"children":[{"tileInfo":{"boundingBox":{"max":{"x":2421.281982419547,"y":2073.513427776516,"z":5.007439684851580},"min":{"x":-2421.281982424204,"y":-2072.744384723482,"z":4.992514697189086}},"lodNum":3,"modelPath":"Tile_-1817_5300_0000_0000_0000.s3mb","rangeMode":"pixelSizeOnScreen","rangeValue":8.0}}],"lodNum":2,"modelPath":"Tile_-1817_5300_0000_0001_0000.s3mb","rangeMode":"pixelSizeOnScreen","rangeValue":4.0}}],"lodNum":1,"modelPath":"Tile_-1817_5300_0000_0002_0000.s3mb","rangeMode":"pixelSizeOnScreen","rangeValue":2.0}}],"lodNum":0,"modelPath":"Tile_-1817_5300_0000.s3mb","rangeMode":"pixelSizeOnScreen","rangeValue":1.0}}}
