{"lodTreeExport":{"name":"Tile_-3634_10601_0000","status":{"lodCount":5,"tilesCount":32},"tileInfo":{"boundingBox":{"max":{"x":1165.138446074281,"y":975.3403153567242,"z":75.71907944801187},"min":{"x":607.7469241598387,"y":138.5142027025172,"z":4.862729935100432}},"children":[{"tileInfo":{"boundingBox":{"max":{"x":1165.138446074281,"y":975.3403153567242,"z":59.04272904921917},"min":{"x":607.7469241598387,"y":699.7855329042034,"z":4.862729935100432}},"children":[{"tileInfo":{"boundingBox":{"max":{"x":951.0793016181008,"y":975.3403153567242,"z":57.85686788639286},"min":{"x":607.7469241598387,"y":722.6297604176060,"z":4.89237587928920}},"children":[{"tileInfo":{"boundingBox":{"max":{"x":951.0793016181008,"y":975.3403153567242,"z":57.85686788639286},"min":{"x":607.7469241612307,"y":722.6308661611427,"z":4.887757891937828}},"children":[{"tileInfo":{"boundingBox":{"max":{"x":943.8975495362108,"y":920.9715878689274,"z":24.40636123857327},"min":{"x":607.7469241612307,"y":856.0413280671647,"z":4.887757891937828}},"lodNum":4,"modelPath":"Tile_-3634_10601_0000_-0001_0000.s3mb","rangeMode":"pixelSizeOnScreen","rangeValue":16.0}},{"tileInfo":{"boundingBox":{"max":{"x":942.4124734178110,"y":975.3403153567242,"z":57.85686788639286},"min":{"x":679.2401079822236,"y":722.6308661611427,"z":4.891994449722110}},"lodNum":4,"modelPath":"Tile_-3634_10601_0000_-0001_0001.s3mb","rangeMode":"pixelSizeOnScreen","rangeValue":16.0}},{"tileInfo":{"boundingBox":{"max":{"x":951.0793016181008,"y":842.7854220262855,"z":24.37419914862535},"min":{"x":821.8225126035178,"y":736.3451244171753,"z":4.904857764088392}},"lodNum":4,"modelPath":"Tile_-3634_10601_0000_-0001_0002.s3mb","rangeMode":"pixelSizeOnScreen","rangeValue":16.0}}],"lodNum":3,"modelPath":"Tile_-3634_10601_0000_0000_0000.s3mb","rangeMode":"pixelSizeOnScreen","rangeValue":8.0}}],"lodNum":2,"modelPath":"Tile_-3634_10601_0000_0001_0000.s3mb","rangeMode":"pixelSizeOnScreen","rangeValue":4.0}},{"tileInfo":{"boundingBox":{"max":{"x":1165.138446074281,"y":960.7959743230771,"z":59.04272904921917},"min":{"x":945.5558345682459,"y":699.7855329042034,"z":4.862729935100432}},"children":[{"tileInfo":{"boundingBox":{"max":{"x":1165.138736357625,"y":960.7959743230771,"z":59.04272904921917},"min":{"x":945.5558345682459,"y":699.7855329042034,"z":4.842125494956551}},"children":[{"tileInfo":{"boundingBox":{"max":{"x":1019.868858340980,"y":872.0702134137922,"z":59.03336073230},"min":{"x":953.21181129540,"y":783.1173802817882,"z":4.880933513798798}},"lodNum":4,"modelPath":"Tile_-3634_10601_0000_-0001_0003.s3mb","rangeMode":"pixelSizeOnScreen","rangeValue":16.0}},{"tileInfo":{"boundingBox":{"max":{"x":1048.176521022923,"y":872.0686337520061,"z":46.86995611565661},"min":{"x":953.2127393426073,"y":708.3379074638636,"z":10.88093339151777}},"lodNum":4,"modelPath":"Tile_-3634_10601_0000_-0001_0004.s3mb","rangeMode":"pixelSizeOnScreen","rangeValue":16.0}},{"tileInfo":{"boundingBox":{"max":{"x":1049.848958987816,"y":760.9837035571725,"z":59.04272904921917},"min":{"x":953.9604036960747,"y":699.7855329042034,"z":4.890520267571814}},"lodNum":4,"modelPath":"Tile_-3634_10601_0000_-0001_0005.s3mb","rangeMode":"pixelSizeOnScreen","rangeValue":16.0}},{"tileInfo":{"boundingBox":{"max":{"x":1165.138736357625,"y":960.7959743230771,"z":57.82673556965649},"min":{"x":945.5558345682459,"y":701.8616745326608,"z":4.842125494956551}},"lodNum":4,"modelPath":"Tile_-3634_10601_0000_-0001_0006.s3mb","rangeMode":"pixelSizeOnScreen","rangeValue":16.0}},{"tileInfo":{"boundingBox":{"max":{"x":1143.712544687581,"y":948.1796719172662,"z":46.82861763547916},"min":{"x":956.1789975516550,"y":823.2807985802347,"z":4.842271401976093}},"lodNum":4,"modelPath":"Tile_-3634_10601_0000_-0001_0007.s3mb","rangeMode":"pixelSizeOnScreen","rangeValue":16.0}}],"lodNum":3,"modelPath":"Tile_-3634_10601_0000_0000_0001.s3mb","rangeMode":"pixelSizeOnScreen","rangeValue":8.0}}],"lodNum":2,"modelPath":"Tile_-3634_10601_0000_0001_0001.s3mb","rangeMode":"pixelSizeOnScreen","rangeValue":4.0}}],"lodNum":1,"modelPath":"Tile_-3634_10601_0000_0002_0000.s3mb","rangeMode":"pixelSizeOnScreen","rangeValue":2.0}},{"tileInfo":{"boundingBox":{"max":{"x":1163.708922746057,"y":711.4108020048893,"z":75.71907944801187},"min":{"x":631.2432451511716,"y":138.5142027025172,"z":4.893589321315583}},"children":[{"tileInfo":{"boundingBox":{"max":{"x":951.3412538745552,"y":711.4108020048893,"z":30.09291024980226},"min":{"x":631.2432451511716,"y":432.4284060341248,"z":4.957623030491987}},"children":[{"tileInfo":{"boundingBox":{"max":{"x":951.3412538745552,"y":711.4108020048893,"z":30.09291024980226},"min":{"x":631.2432451511716,"y":432.4284060341248,"z":4.957623030491987}},"lodNum":3,"modelPath":"Tile_-3634_10601_0000_0000_0002.s3mb","rangeMode":"pixelSizeOnScreen","rangeValue":8.0}}],"lodNum":2,"modelPath":"Tile_-3634_10601_0000_0001_0002.s3mb","rangeMode":"pixelSizeOnScreen","rangeValue":4.0}},{"tileInfo":{"boundingBox":{"max":{"x":866.7010545731184,"y":422.6016049398911,"z":24.42804266275994},"min":{"x":712.8293214006783,"y":268.5512386802284,"z":4.955415834617869}},"children":[{"tileInfo":{"boundingBox":{"max":{"x":866.7010545731184,"y":422.6016049398911,"z":24.42804266275994},"min":{"x":712.8293214006783,"y":268.5512386802284,"z":4.955415834617869}},"lodNum":3,"modelPath":"Tile_-3634_10601_0000_0000_0003.s3mb","rangeMode":"pixelSizeOnScreen","rangeValue":8.0}}],"lodNum":2,"modelPath":"Tile_-3634_10601_0000_0001_0003.s3mb","rangeMode":"pixelSizeOnScreen","rangeValue":4.0}},{"tileInfo":{"boundingBox":{"max":{"x":1163.708922746057,"y":667.9895919492667,"z":57.45159291698503},"min":{"x":851.4857862578486,"y":462.5341877271912,"z":4.893589321315583}},"children":[{"tileInfo":{"boundingBox":{"max":{"x":1163.712485501341,"y":667.9749281141449,"z":57.45835935289548},"min":{"x":851.4752147416913,"y":462.5367001120204,"z":4.893589321315583}},"children":[{"tileInfo":{"boundingBox":{"max":{"x":1143.778544097481,"y":599.9477719725038,"z":57.45835935289548},"min":{"x":851.4752147416913,"y":462.5367745056043,"z":4.893589321315583}},"lodNum":4,"modelPath":"Tile_-3634_10601_0000_-0001_0010.s3mb","rangeMode":"pixelSizeOnScreen","rangeValue":16.0}},{"tileInfo":{"boundingBox":{"max":{"x":1163.712485501341,"y":667.9749281141449,"z":54.09645525681888},"min":{"x":871.8529886428281,"y":462.5367001120204,"z":4.902303138112859}},"lodNum":4,"modelPath":"Tile_-3634_10601_0000_-0001_0011.s3mb","rangeMode":"pixelSizeOnScreen","rangeValue":16.0}}],"lodNum":3,"modelPath":"Tile_-3634_10601_0000_0000_0004.s3mb","rangeMode":"pixelSizeOnScreen","rangeValue":8.0}}],"lodNum":2,"modelPath":"Tile_-3634_10601_0000_0001_0004.s3mb","rangeMode":"pixelSizeOnScreen","rangeValue":4.0}},{"tileInfo":{"boundingBox":{"max":{"x":1160.216228155584,"y":454.3601359105084,"z":75.71907944801187},"min":{"x":685.3579645661116,"y":138.5142027025172,"z":4.895055894404397}},"children":[{"tileInfo":{"boundingBox":{"max":{"x":1160.216228155584,"y":454.3601359105084,"z":75.71907944801187},"min":{"x":685.3514915508742,"y":138.5554371477530,"z":4.889632455059415}},"children":[{"tileInfo":{"boundingBox":{"max":{"x":1158.708850825630,"y":326.0374443246769,"z":75.71907944801187},"min":{"x":891.0481968281940,"y":253.3898887234993,"z":4.910049662226739}},"lodNum":4,"modelPath":"Tile_-3634_10601_0000_-0001_0012.s3mb","rangeMode":"pixelSizeOnScreen","rangeValue":16.0}},{"tileInfo":{"boundingBox":{"max":{"x":1034.420759123604,"y":296.7515143485431,"z":29.91076089837737},"min":{"x":891.7119013264585,"y":255.1998074166130,"z":4.916613508367223}},"lodNum":4,"modelPath":"Tile_-3634_10601_0000_-0001_0013.s3mb","rangeMode":"pixelSizeOnScreen","rangeValue":16.0}},{"tileInfo":{"boundingBox":{"max":{"x":1160.216228155584,"y":454.3601359105084,"z":57.44041066795207},"min":{"x":1097.016931870044,"y":371.4400301286398,"z":4.895055894404397}},"lodNum":4,"modelPath":"Tile_-3634_10601_0000_-0001_0014.s3mb","rangeMode":"pixelSizeOnScreen","rangeValue":16.0}},{"tileInfo":{"boundingBox":{"max":{"x":1071.930916956083,