{"lodTreeExport":{"name":"Tile_-3634_10599_0000","status":{"lodCount":4,"tilesCount":25},"tileInfo":{"boundingBox":{"max":{"x":439.6041716116423,"y":1198.046602532919,"z":28.50058454684951},"min":{"x":-1207.665770464841,"y":76.89898681459152,"z":4.844845005724820}},"children":[{"tileInfo":{"boundingBox":{"max":{"x":-572.9333103850634,"y":1160.530974444297,"z":28.44072786937865},"min":{"x":-1167.651178467926,"y":729.4057947482069,"z":4.844845005724820}},"children":[{"tileInfo":{"boundingBox":{"max":{"x":-572.9333103850634,"y":1160.530974444297,"z":28.44072786937865},"min":{"x":-1167.651178467926,"y":729.4057947482069,"z":4.844845005724820}},"children":[{"tileInfo":{"boundingBox":{"max":{"x":-572.9333103850634,"y":1160.530974444297,"z":28.44072786937865},"min":{"x":-1167.651178467926,"y":729.4057947482069,"z":4.844845005724820}},"lodNum":3,"modelPath":"Tile_-3634_10599_0000_0000_0000.s3mb","rangeMode":"pixelSizeOnScreen","rangeValue":8.0}}],"lodNum":2,"modelPath":"Tile_-3634_10599_0000_0001_0000.s3mb","rangeMode":"pixelSizeOnScreen","rangeValue":4.0}}],"lodNum":1,"modelPath":"Tile_-3634_10599_0000_0002_0000.s3mb","rangeMode":"pixelSizeOnScreen","rangeValue":2.0}},{"tileInfo":{"boundingBox":{"max":{"x":-573.5645444245702,"y":863.8191865586789,"z":19.46459538056843},"min":{"x":-1167.670424427594,"y":76.89898681459152,"z":4.881995245160293}},"children":[{"tileInfo":{"boundingBox":{"max":{"x":-917.1002383985597,"y":714.3761783575995,"z":5.096957677256770},"min":{"x":-1167.659589226839,"y":422.8996107971422,"z":4.881995245160293}},"children":[{"tileInfo":{"boundingBox":{"max":{"x":-917.1002383985597,"y":714.3761783575995,"z":5.096957677256770},"min":{"x":-1167.659589226839,"y":422.8996107971422,"z":4.881995245160293}},"lodNum":3,"modelPath":"Tile_-3634_10599_0000_0000_0001.s3mb","rangeMode":"pixelSizeOnScreen","rangeValue":8.0}}],"lodNum":2,"modelPath":"Tile_-3634_10599_0000_0001_0001.s3mb","rangeMode":"pixelSizeOnScreen","rangeValue":4.0}},{"tileInfo":{"boundingBox":{"max":{"x":-917.1056175429519,"y":828.7113246105603,"z":6.941293639898385},"min":{"x":-1167.670424427594,"y":76.89898681459152,"z":4.896031541364427}},"children":[{"tileInfo":{"boundingBox":{"max":{"x":-917.1056175429519,"y":828.7113246105603,"z":6.941293639898385},"min":{"x":-1167.670424427594,"y":76.89898681459152,"z":4.896031541364427}},"lodNum":3,"modelPath":"Tile_-3634_10599_0000_0000_0002.s3mb","rangeMode":"pixelSizeOnScreen","rangeValue":8.0}}],"lodNum":2,"modelPath":"Tile_-3634_10599_0000_0001_0002.s3mb","rangeMode":"pixelSizeOnScreen","rangeValue":4.0}},{"tileInfo":{"boundingBox":{"max":{"x":-573.5645444245702,"y":714.3420544566062,"z":5.137840366592701},"min":{"x":-890.1339448547612,"y":422.8616195744485,"z":4.927500821913797}},"children":[{"tileInfo":{"boundingBox":{"max":{"x":-573.5645444245702,"y":714.3420544566062,"z":5.137840366592701},"min":{"x":-890.1339448547612,"y":422.8616195744485,"z":4.927500821913797}},"lodNum":3,"modelPath":"Tile_-3634_10599_0000_0000_0003.s3mb","rangeMode":"pixelSizeOnScreen","rangeValue":8.0}}],"lodNum":2,"modelPath":"Tile_-3634_10599_0000_0001_0003.s3mb","rangeMode":"pixelSizeOnScreen","rangeValue":4.0}},{"tileInfo":{"boundingBox":{"max":{"x":-575.5849257397906,"y":863.8191865586789,"z":19.46459538056843},"min":{"x":-890.1437941062532,"y":80.24858262325364,"z":4.941424829318071}},"children":[{"tileInfo":{"boundingBox":{"max":{"x":-575.5849257397906,"y":863.8191865586789,"z":19.46459538056843},"min":{"x":-890.1437941062532,"y":80.24858262325364,"z":4.941424829318071}},"lodNum":3,"modelPath":"Tile_-3634_10599_0000_0000_0004.s3mb","rangeMode":"pixelSizeOnScreen","rangeValue":8.0}}],"lodNum":2,"modelPath":"Tile_-3634_10599_0000_0001_0004.s3mb","rangeMode":"pixelSizeOnScreen","rangeValue":4.0}}],"lodNum":1,"modelPath":"Tile_-3634_10599_0000_0002_0001.s3mb","rangeMode":"pixelSizeOnScreen","rangeValue":2.0}},{"tileInfo":{"boundingBox":{"max":{"x":-253.9038350619263,"y":1152.660050559904,"z":28.47366562745295},"min":{"x":-1116.550308991723,"y":761.3518519822686,"z":4.904387326631163}},"children":[{"tileInfo":{"boundingBox":{"max":{"x":-253.9038350619263,"y":1152.660050559904,"z":28.47366562745295},"min":{"x":-1116.550308991723,"y":761.3518519822686,"z":4.904387326631163}},"children":[{"tileInfo":{"boundingBox":{"max":{"x":-253.9038350619263,"y":1152.660050559904,"z":28.47366562745295},"min":{"x":-1116.550308991723,"y":761.3518519822686,"z":4.904387326631163}},"lodNum":3,"modelPath":"Tile_-3634_10599_0000_0000_0005.s3mb","rangeMode":"pixelSizeOnScreen","rangeValue":8.0}}],"lodNum":2,"modelPath":"Tile_-3634_10599_0000_0001_0005.s3mb","rangeMode":"pixelSizeOnScreen","rangeValue":4.0}}],"lodNum":1,"modelPath":"Tile_-3634_10599_0000_0002_0002.s3mb","rangeMode":"pixelSizeOnScreen","rangeValue":2.0}},{"tileInfo":{"boundingBox":{"max":{"x":439.6041716116423,"y":1198.046602532919,"z":28.50058454684951},"min":{"x":-1207.665770464841,"y":79.58884310518062,"z":4.923479952505916}},"children":[{"tileInfo":{"boundingBox":{"max":{"x":-520.5743128498858,"y":816.6513085045253,"z":28.47548037992832},"min":{"x":-523.5397847434963,"y":806.0241699278203,"z":4.927587523503915}},"children":[{"tileInfo":{"boundingBox":{"max":{"x":-520.5743128498858,"y":816.6513085045253,"z":28.47548037992832},"min":{"x":-523.5397847434963,"y":806.0241699278203,"z":4.927587523503915}},"lodNum":3,"modelPath":"Tile_-3634_10599_0000_0000_0006.s3mb","rangeMode":"pixelSizeOnScreen","rangeValue":8.0}}],"lodNum":2,"modelPath":"Tile_-3634_10599_0000_0001_0006.s3mb","rangeMode":"pixelSizeOnScreen","rangeValue":4.0}},{"tileInfo":{"boundingBox":{"max":{"x":-236.5360181974889,"y":920.9789299585561,"z":4.959989460376853},"min":{"x":-1167.679848230917,"y":79.58884310518062,"z":4.923479952505916}},"children":[{"tileInfo":{"boundingBox":{"max":{"x":-236.5360181974889,"y":920.9789299585561,"z":4.959989460376853},"min":{"x":-1167.679848230917,"y":79.58884310518062,"z":4.923479952505916}},"lodNum":3,"modelPath":"Tile_-3634_10599_0000_0000_0007.s3mb","rangeMode":"pixelSizeOnScreen","rangeValue":8.0}}],"lodNum":2,"modelPath":"Tile_-3634_10599_0000_0001_0007.s3mb","rangeMode":"pixelSizeOnScreen","rangeValue":4.0}},{"tileInfo":{"boundingBox":{"max":{"x":439.6041716116423,"y":1198.046602532919,"z":28.50058454684951},"min":{"x":-1207.665770464841,"y":82.44409124831429,"z":4.935328267949446}},"children":[{"tileInfo":{"boundingBox":{"max":{"x":439.6041716116423,"y":1198.046602532919,"z":28.50058454684951},"min":{"x":-1207.665770464841,"y":82.44409124831429,"z":4.935328267949446}},"lodNum":3,"modelPath":"Tile_-3634_10599_0000_0000_0008.s3mb","rangeMode":"pixelSizeOnScreen","rangeValue":8.0}}],"lodNum":2,"modelPath":"Tile_-3634_10599_0000_0001_0008.s3mb","rangeMode":"pixelSizeOnScreen","rangeValue":4.0}},{"tileInfo":{"boundingBox":{"max":{"x":-234.3344397044330,"y":791.7540180624897,"z":12.55002445671876},"min":{"x":-545.5872660451668,"y":84.40221770978073,"z":4.980055206242906}},"children":[{"tileInfo":{"boundingBox":{"max":{"x":-234.3344397044330,"y":791.7540180624897,"z":12.55002445671876},"min":{"x":-545.5872660451668,"y":84.40221770978073,"z":4.980055206242906}},"lodNum":3,"modelPath":"Tile_-3634_10599_0000_0000_0009.s3mb","rangeMode":"pixelSizeOnScreen","rangeValue":8.0}}],"lodNum":2,"modelPath":"Tile_-3634_10599_0000_0001_0009.s3mb","rangeMode":"pixelSizeOnScreen","rangeValue":4.0}}],"lodNum":1,"modelPath":"Tile_-3634_10599_0000_0002_0003.s3mb","rangeMode":"pixelSizeOnScreen","rangeValue":2.0}}],"lodNum":0,"modelPath":"Tile_-3634_10599_0000.s3mb","rangeMode":"pixelSizeOnScreen","rangeValue":1.0}}}
