{"lodTreeExport":{"name":"Tile_-1818_5300_0000","status":{"lodCount":4,"tilesCount":4},"tileInfo":{"boundingBox":{"max":{"x":1386.584598023616,"y":2051.731546321215,"z":5.008792796917414},"min":{"x":-95.13953508934355,"y":859.0192679136388,"z":4.589290812481360}},"children":[{"tileInfo":{"boundingBox":{"max":{"x":1386.584598023616,"y":2051.731546321215,"z":5.008792796917414},"min":{"x":-95.13953508934355,"y":859.0192679136388,"z":4.589290812481360}},"children":[{"tileInfo":{"boundingBox":{"max":{"x":1386.584598023616,"y":2051.731546321215,"z":5.008792796917414},"min":{"x":-95.13953508934355,"y":859.0192679136388,"z":4.589290812481360}},"children":[{"tileInfo":{"boundingBox":{"max":{"x":1386.584598023616,"y":2051.731546321215,"z":5.008792796917414},"min":{"x":-95.13953508934355,"y":859.0192679136388,"z":4.589290812481360}},"lodNum":3,"modelPath":"Tile_-1818_5300_0000_0000_0000.s3mb","rangeMode":"pixelSizeOnScreen","rangeValue":8.0}}],"lodNum":2,"modelPath":"Tile_-1818_5300_0000_0001_0000.s3mb","rangeMode":"pixelSizeOnScreen","rangeValue":4.0}}],"lodNum":1,"modelPath":"Tile_-1818_5300_0000_0002_0000.s3mb","rangeMode":"pixelSizeOnScreen","rangeValue":2.0}}],"lodNum":0,"modelPath":"Tile_-1818_5300_0000.s3mb","rangeMode":"pixelSizeOnScreen","rangeValue":1.0}}}
