{"lodTreeExport":{"name":"Tile_-3632_10599_0000","status":{"lodCount":4,"tilesCount":4},"tileInfo":{"boundingBox":{"max":{"x":-169.3387720608877,"y":-506.0067556890499,"z":5.022490918736952},"min":{"x":-1100.729228140641,"y":-1697.160447140108,"z":4.724023540370394}},"children":[{"tileInfo":{"boundingBox":{"max":{"x":-169.3387720608877,"y":-506.0067556890499,"z":5.022490918736952},"min":{"x":-1100.729228140641,"y":-1697.160447140108,"z":4.724023540370394}},"children":[{"tileInfo":{"boundingBox":{"max":{"x":-169.3387720608877,"y":-506.0067556890499,"z":5.022490918736952},"min":{"x":-1100.729228140641,"y":-1697.160447140108,"z":4.724023540370394}},"children":[{"tileInfo":{"boundingBox":{"max":{"x":-169.3387720608877,"y":-506.0067556890499,"z":5.022490918736952},"min":{"x":-1100.729228140641,"y":-1697.160447140108,"z":4.724023540370394}},"lodNum":3,"modelPath":"Tile_-3632_10599_0000_0000_0000.s3mb","rangeMode":"pixelSizeOnScreen","rangeValue":8.0}}],"lodNum":2,"modelPath":"Tile_-3632_10599_0000_0001_0000.s3mb","rangeMode":"pixelSizeOnScreen","rangeValue":4.0}}],"lodNum":1,"modelPath":"Tile_-3632_10599_0000_0002_0000.s3mb","rangeMode":"pixelSizeOnScreen","rangeValue":2.0}}],"lodNum":0,"modelPath":"Tile_-3632_10599_0000.s3mb","rangeMode":"pixelSizeOnScreen","rangeValue":1.0}}}
