{"lodTreeExport":{"name":"Tile_-3633_10600_0000","status":{"lodCount":4,"tilesCount":4},"tileInfo":{"boundingBox":{"max":{"x":1175.299804687367,"y":1054.396468754376,"z":27.20389358356698},"min":{"x":-1175.299804687633,"y":-1004.868359960162,"z":5.096141358814592}},"children":[{"tileInfo":{"boundingBox":{"max":{"x":1175.299804687367,"y":1054.396468754376,"z":27.20389358356698},"min":{"x":-1175.299804687633,"y":-1004.868359960162,"z":5.096141358814592}},"children":[{"tileInfo":{"boundingBox":{"max":{"x":1175.299804687367,"y":1054.396468754376,"z":27.20389358356698},"min":{"x":-1175.299804687633,"y":-1004.868359960162,"z":5.096141358814592}},"children":[{"tileInfo":{"boundingBox":{"max":{"x":1175.299804687367,"y":1054.396468754376,"z":27.20389358356698},"min":{"x":-1175.299804687633,"y":-1004.868359960162,"z":5.096141358814592}},"lodNum":3,"modelPath":"Tile_-3633_10600_0000_0000_0000.s3mb","rangeMode":"pixelSizeOnScreen","rangeValue":8.0}}],"lodNum":2,"modelPath":"Tile_-3633_10600_0000_0001_0000.s3mb","rangeMode":"pixelSizeOnScreen","rangeValue":4.0}}],"lodNum":1,"modelPath":"Tile_-3633_10600_0000_0002_0000.s3mb","rangeMode":"pixelSizeOnScreen","rangeValue":2.0}}],"lodNum":0,"modelPath":"Tile_-3633_10600_0000.s3mb","rangeMode":"pixelSizeOnScreen","rangeValue":1.0}}}
