{"lodTreeExport":{"name":"Tile_-3633_10601_0000","status":{"lodCount":5,"tilesCount":50},"tileInfo":{"boundingBox":{"max":{"x":1154.593908461223,"y":121.8182587557828,"z":152.2449512468892},"min":{"x":648.8473551776147,"y":-932.9840943338709,"z":3.879332902670670}},"children":[{"tileInfo":{"boundingBox":{"max":{"x":1154.593908461223,"y":121.8182587557828,"z":152.2449512468892},"min":{"x":663.4119866362285,"y":-546.7154563494653,"z":3.879332902670670}},"children":[{"tileInfo":{"boundingBox":{"max":{"x":868.7620973782049,"y":-24.56761251030785,"z":108.1403673090569},"min":{"x":663.4119866362285,"y":-199.7862488434873,"z":4.944047954645193}},"children":[{"tileInfo":{"boundingBox":{"max":{"x":868.7620973816163,"y":-24.56750818595346,"z":108.1403673085613},"min":{"x":663.3988189124260,"y":-199.7863410212566,"z":4.944047954645193}},"children":[{"tileInfo":{"boundingBox":{"max":{"x":868.7620973816163,"y":-24.56750818595346,"z":108.1403673085613},"min":{"x":663.3988189124260,"y":-197.2315676444339,"z":4.944047954645193}},"lodNum":4,"modelPath":"Tile_-3633_10601_0000_-0001_0000.s3mb","rangeMode":"pixelSizeOnScreen","rangeValue":16.0}},{"tileInfo":{"boundingBox":{"max":{"x":805.3446296989115,"y":-26.56761250163626,"z":90.94972398353541},"min":{"x":663.3988678075370,"y":-199.7862488434873,"z":4.955082967067943}},"lodNum":4,"modelPath":"Tile_-3633_10601_0000_-0001_0001.s3mb","rangeMode":"pixelSizeOnScreen","rangeValue":16.0}},{"tileInfo":{"boundingBox":{"max":{"x":804.3604680023318,"y":-36.29083185052924,"z":90.94998723745349},"min":{"x":732.0731212363539,"y":-199.7863410212566,"z":4.955508042204511}},"lodNum":4,"modelPath":"Tile_-3633_10601_0000_-0001_0002.s3mb","rangeMode":"pixelSizeOnScreen","rangeValue":16.0}}],"lodNum":3,"modelPath":"Tile_-3633_10601_0000_0000_0000.s3mb","rangeMode":"pixelSizeOnScreen","rangeValue":8.0}}],"lodNum":2,"modelPath":"Tile_-3633_10601_0000_0001_0000.s3mb","rangeMode":"pixelSizeOnScreen","rangeValue":4.0}},{"tileInfo":{"boundingBox":{"max":{"x":963.3791628103728,"y":-260.2364970889806,"z":152.2449512468892},"min":{"x":664.7057323837826,"y":-512.9069374413796,"z":4.929058152175048}},"children":[{"tileInfo":{"boundingBox":{"max":{"x":963.3791628103728,"y":-260.2347609727171,"z":152.2449512468892},"min":{"x":664.6967254812956,"y":-512.9069374425274,"z":4.921497649359137}},"children":[{"tileInfo":{"boundingBox":{"max":{"x":954.2802066886502,"y":-446.5873732915461,"z":152.2449512468892},"min":{"x":805.3099477113354,"y":-512.9069374425274,"z":4.921572881976828}},"lodNum":4,"modelPath":"Tile_-3633_10601_0000_-0001_0003.s3mb","rangeMode":"pixelSizeOnScreen","rangeValue":16.0}},{"tileInfo":{"boundingBox":{"max":{"x":954.0835354959503,"y":-374.6943812261310,"z":88.94426677002920},"min":{"x":664.7051599565721,"y":-512.1880782086678,"z":4.921497649359137}},"lodNum":4,"modelPath":"Tile_-3633_10601_0000_-0001_0004.s3mb","rangeMode":"pixelSizeOnScreen","rangeValue":16.0}},{"tileInfo":{"boundingBox":{"max":{"x":960.5637726224243,"y":-271.8974418090120,"z":99.72243420374821},"min":{"x":664.7047881728762,"y":-411.9472801538941,"z":4.941077052109779}},"lodNum":4,"modelPath":"Tile_-3633_10601_0000_-0001_0005.s3mb","rangeMode":"pixelSizeOnScreen","rangeValue":16.0}},{"tileInfo":{"boundingBox":{"max":{"x":963.3791628103728,"y":-260.2347609727171,"z":99.71749117485756},"min":{"x":664.6979194124544,"y":-414.6362183780578,"z":4.936249795240012}},"lodNum":4,"modelPath":"Tile_-3633_10601_0000_-0001_0006.s3mb","rangeMode":"pixelSizeOnScreen","rangeValue":16.0}},{"tileInfo":{"boundingBox":{"max":{"x":756.9258360384164,"y":-260.2362430689191,"z":93.95025574774627},"min":{"x":664.6967254812956,"y":-387.8383282677547,"z":4.954057243271392}},"lodNum":4,"modelPath":"Tile_-3633_10601_0000_-0001_0007.s3mb","rangeMode":"pixelSizeOnScreen","rangeValue":16.0}}],"lodNum":3,"modelPath":"Tile_-3633_10601_0000_0000_0001.s3mb","rangeMode":"pixelSizeOnScreen","rangeValue":8.0}}],"lodNum":2,"modelPath":"Tile_-3633_10601_0000_0001_0001.s3mb","rangeMode":"pixelSizeOnScreen","rangeValue":4.0}},{"tileInfo":{"boundingBox":{"max":{"x":1154.593908461223,"y":121.8182587557828,"z":115.8812654110044},"min":{"x":785.0481224818914,"y":-207.8536609304526,"z":3.879332902670670}},"children":[{"tileInfo":{"boundingBox":{"max":{"x":1154.596406459959,"y":121.7824363958423,"z":115.8808435143606},"min":{"x":785.0472612509358,"y":-207.8536609304526,"z":3.874800524137448}},"children":[{"tileInfo":{"boundingBox":{"max":{"x":1154.596406459959,"y":121.7824363958423,"z":58.94008754062429},"min":{"x":785.0472612509358,"y":11.04336750364278,"z":4.902060460939893}},"lodNum":4,"modelPath":"Tile_-3633_10601_0000_-0001_0008.s3mb","rangeMode":"pixelSizeOnScreen","rangeValue":16.0}},{"tileInfo":{"boundingBox":{"max":{"x":1131.335365141759,"y":-33.75598967615360,"z":115.5716818611517},"min":{"x":1039.544174477603,"y":-125.4532695219538,"z":4.913435954703863}},"lodNum":4,"modelPath":"Tile_-3633_10601_0000_-0001_0009.s3mb","rangeMode":"pixelSizeOnScreen","rangeValue":16.0}},{"tileInfo":{"boundingBox":{"max":{"x":1132.688433971557,"y":-31.38789746026930,"z":49.29307833978697},"min":{"x":1045.169569860741,"y":-124.4523189518599,"z":4.913423634833517}},"lodNum":4,"modelPath":"Tile_-3633_10601_0000_-0001_0010.s3mb","rangeMode":"pixelSizeOnScreen","rangeValue":16.0}},{"tileInfo":{"boundingBox":{"max":{"x":1151.615348709557,"y":-70.97819397772005,"z":111.0975981306290},"min":{"x":1000.805154798411,"y":-207.8536609304526,"z":3.874800524137448}},"lodNum":4,"modelPath":"Tile_-3633_10601_0000_-0001_0011.s3mb","rangeMode":"pixelSizeOnScreen","rangeValue":16.0}},{"tileInfo":{"boundingBox":{"max":{"x":1134.371446329238,"y":-152.7423864416881,"z":115.8808435143606},"min":{"x":867.1734917075260,"y":-207.8536609304526,"z":4.902106267917652}},"lodNum":4,"modelPath":"Tile_-3633_10601_0000_-0001_0012.s3mb","rangeMode":"pixelSizeOnScreen","rangeValue":16.0}},{"tileInfo":{"boundingBox":{"max":{"x":1000.361126103837,"y":-82.08744705463570,"z":108.1210851910588},"min":{"x":967.5799763635506,"y":-124.8857737185206,"z":4.925442172002041}},"lodNum":4,"modelPath":"Tile_-3633_10601_0000_-0001_0013.s3mb","rangeMode":"pixelSizeOnScreen","rangeValue":16.0}},{"tileInfo":{"boundingBox":{"max":{"x":990.1401077663784,"y":-37.96918264103479,"z":57.92348684209460},"min":{"x":845.6178090715833,"y":-89.49119268519895,"z":4.935650172894282}},"lodNum":4,"modelPath":"Tile_-3633_10601_0000_-0001_0014.s3mb","rangeMode":"pixelSizeOnScreen","rangeValue":16.0}},{"tileInfo":{"boundingBox":{"max":{"x":990.1365963746697,"y":-37.96935140235468,"z":33.52348557009503},"min":{"x":845.6148167386037,"y":-64.63319211123825,"z":4.944018428391492}},"lodNum":4,"modelPath":"Tile_-3633_10601_0000_-0001_0015.s3mb","rangeMode":"pixelSizeOnScreen","rangeValue":16.0}}],"lodNum":3,"modelPath":"Tile_-3633_10601_0000_0000_0002.s3mb","rangeMode":"pixelSizeOnScreen","rangeValue":8.0}}],"lodNum":2,"modelPath":"Tile_-3633_10601_0000_0001_0002.s3mb","rangeMode":"pixelSizeOnScreen","rangeValue":4.0}},{"tileInfo":{"boundingBox":{"max":{"x":1130.263365304346,"y":-259.3170346913881,"z":79.70680579290912},"min":{"x":988.3530498595851,"y":-546.7154563494653,"z":4.898390798101386}},"children":[{"tileInfo":{"boundingBox":{"max":{"x":1130.263454551084,"y":-259.3159865888850,"z":79.70687171503701},"min":{"x":988.3530498595851,"y":-546.7154563494653,"z":4.898282663938760}},"children":[{"tileInfo":{"boundingBox":{"max":{"x":1126.675325849339,"y":-283.8083998437289,"z":79.70687171503701},"min":{"x":988.4001706156309,"y":-374.2486183110772,"z":4.904757365431610}},"lodNum":4,"modelPath":"Tile_-3633_10601_0000_-0001_0016.s3mb","rangeMode":"pixelSizeOnScreen","rangeValue":16.0}},{"tileInfo":{"boundingBox":{"max":{"x":1130.263454551084,"y":-283.8082570586985,"z":79.69190018293934},"min":{"x":994.7220198027636,"y":-546.5167544606604,"z":4.898282663938760}},"lodNum":4,"modelPath":"Tile_-3633_10601_0000_-0001_0017.s3mb","rangeMode":"pixelSizeOnScreen",