{"lodTreeExport":{"name":"Tile_-3633_10599_0000","status":{"lodCount":4,"tilesCount":4},"tileInfo":{"boundingBox":{"max":{"x":-245.3558737597425,"y":-44.86444199695461,"z":20.39858720091744},"min":{"x":-1164.529297183087,"y":-1054.216781620221,"z":4.991609573276987}},"children":[{"tileInfo":{"boundingBox":{"max":{"x":-245.3558737597425,"y":-44.86444199695461,"z":20.39858720091744},"min":{"x":-1164.529297183087,"y":-1054.216781620221,"z":4.991609573276987}},"children":[{"tileInfo":{"boundingBox":{"max":{"x":-245.3558737597425,"y":-44.86444199695461,"z":20.39858720091744},"min":{"x":-1164.529297183087,"y":-1054.216781620221,"z":4.991609573276987}},"children":[{"tileInfo":{"boundingBox":{"max":{"x":-245.3558737597425,"y":-44.86444199695461,"z":20.39858720091744},"min":{"x":-1164.529297183087,"y":-1054.216781620221,"z":4.991609573276987}},"lodNum":3,"modelPath":"Tile_-3633_10599_0000_0000_0000.s3mb","rangeMode":"pixelSizeOnScreen","rangeValue":8.0}}],"lodNum":2,"modelPath":"Tile_-3633_10599_0000_0001_0000.s3mb","rangeMode":"pixelSizeOnScreen","rangeValue":4.0}}],"lodNum":1,"modelPath":"Tile_-3633_10599_0000_0002_0000.s3mb","rangeMode":"pixelSizeOnScreen","rangeValue":2.0}}],"lodNum":0,"modelPath":"Tile_-3633_10599_0000.s3mb","rangeMode":"pixelSizeOnScreen","rangeValue":1.0}}}
