{"lodTreeExport":{"name":"Tile_-3632_10600_0000","status":{"lodCount":4,"tilesCount":4},"tileInfo":{"boundingBox":{"max":{"x":-202.5897492413687,"y":-891.2163441123327,"z":16.62677763472463},"min":{"x":-238.4666012218912,"y":-1477.778586849723,"z":4.831089535621917}},"children":[{"tileInfo":{"boundingBox":{"max":{"x":-202.5897492413687,"y":-891.2163441123327,"z":16.62677763472463},"min":{"x":-238.4666012218912,"y":-1477.778586849723,"z":4.831089535621917}},"children":[{"tileInfo":{"boundingBox":{"max":{"x":-202.5897492413687,"y":-891.2163441123327,"z":16.62677763472463},"min":{"x":-238.4666012218912,"y":-1477.778586849723,"z":4.831089535621917}},"children":[{"tileInfo":{"boundingBox":{"max":{"x":-202.5897492413687,"y":-891.2163441123327,"z":16.62677763472463},"min":{"x":-238.4666012218912,"y":-1477.778586849723,"z":4.831089535621917}},"lodNum":3,"modelPath":"Tile_-3632_10600_0000_0000_0000.s3mb","rangeMode":"pixelSizeOnScreen","rangeValue":8.0}}],"lodNum":2,"modelPath":"Tile_-3632_10600_0000_0001_0000.s3mb","rangeMode":"pixelSizeOnScreen","rangeValue":4.0}}],"lodNum":1,"modelPath":"Tile_-3632_10600_0000_0002_0000.s3mb","rangeMode":"pixelSizeOnScreen","rangeValue":2.0}}],"lodNum":0,"modelPath":"Tile_-3632_10600_0000.s3mb","rangeMode":"pixelSizeOnScreen","rangeValue":1.0}}}
