{"lodTreeExport":{"name":"Tile_-3634_10601_0000","status":{"lodCount":4,"tilesCount":13},"tileInfo":{"boundingBox":{"max":{"x":1224.366124336909,"y":1175.301490708781,"z":28.49728452967329},"min":{"x":438.3444968228059,"y":61.15828804411171,"z":4.810634798355484}},"children":[{"tileInfo":{"boundingBox":{"max":{"x":1179.664180765401,"y":1125.388176345752,"z":4.997226539579164},"min":{"x":820.1263731573881,"y":729.8511270716662,"z":4.911116353890468}},"children":[{"tileInfo":{"boundingBox":{"max":{"x":1179.664180765401,"y":1125.388176345752,"z":4.997226539579164},"min":{"x":820.1263731573881,"y":729.8511270716662,"z":4.911116353890468}},"children":[{"tileInfo":{"boundingBox":{"max":{"x":1179.664180765401,"y":1125.388176345752,"z":4.997226539579164},"min":{"x":820.1263731573881,"y":729.8511270716662,"z":4.911116353890468}},"lodNum":3,"modelPath":"Tile_-3634_10601_0000_0000_0000.s3mb","rangeMode":"pixelSizeOnScreen","rangeValue":8.0}}],"lodNum":2,"modelPath":"Tile_-3634_10601_0000_0001_0000.s3mb","rangeMode":"pixelSizeOnScreen","rangeValue":4.0}}],"lodNum":1,"modelPath":"Tile_-3634_10601_0000_0002_0000.s3mb","rangeMode":"pixelSizeOnScreen","rangeValue":2.0}},{"tileInfo":{"boundingBox":{"max":{"x":1224.366124336909,"y":1175.301490708781,"z":28.49728452967329},"min":{"x":438.3444968228059,"y":61.15828804411171,"z":4.810634798355484}},"children":[{"tileInfo":{"boundingBox":{"max":{"x":1224.366124336909,"y":1175.301490708781,"z":5.021077972577327},"min":{"x":438.3444968228059,"y":61.15828804411171,"z":4.810634798355484}},"children":[{"tileInfo":{"boundingBox":{"max":{"x":1224.366124336909,"y":1175.301490708781,"z":5.021077972577327},"min":{"x":438.3444968228059,"y":61.15828804411171,"z":4.810634798355484}},"lodNum":3,"modelPath":"Tile_-3634_10601_0000_0000_0001.s3mb","rangeMode":"pixelSizeOnScreen","rangeValue":8.0}}],"lodNum":2,"modelPath":"Tile_-3634_10601_0000_0001_0001.s3mb","rangeMode":"pixelSizeOnScreen","rangeValue":4.0}},{"tileInfo":{"boundingBox":{"max":{"x":1167.996004606146,"y":389.0038042548878,"z":28.49728452967329},"min":{"x":475.8404303439058,"y":96.58628883526745,"z":4.926504631288153}},"children":[{"tileInfo":{"boundingBox":{"max":{"x":1167.996004606146,"y":389.0038042548878,"z":28.49728452967329},"min":{"x":475.8404303439058,"y":96.58628883526745,"z":4.926504631288153}},"lodNum":3,"modelPath":"Tile_-3634_10601_0000_0000_0002.s3mb","rangeMode":"pixelSizeOnScreen","rangeValue":8.0}}],"lodNum":2,"modelPath":"Tile_-3634_10601_0000_0001_0002.s3mb","rangeMode":"pixelSizeOnScreen","rangeValue":4.0}},{"tileInfo":{"boundingBox":{"max":{"x":1174.460724882045,"y":994.1038433681304,"z":6.527732847133287},"min":{"x":828.8790133748357,"y":337.6314262884214,"z":4.941876470523143}},"children":[{"tileInfo":{"boundingBox":{"max":{"x":1174.460724882045,"y":994.1038433681304,"z":6.527732847133287},"min":{"x":828.8790133748357,"y":337.6314262884214,"z":4.941876470523143}},"lodNum":3,"modelPath":"Tile_-3634_10601_0000_0000_0003.s3mb","rangeMode":"pixelSizeOnScreen","rangeValue":8.0}}],"lodNum":2,"modelPath":"Tile_-3634_10601_0000_0001_0003.s3mb","rangeMode":"pixelSizeOnScreen","rangeValue":4.0}},{"tileInfo":{"boundingBox":{"max":{"x":1151.190173761276,"y":342.3638397039463,"z":28.46491857291719},"min":{"x":982.2117416170330,"y":301.1183415444687,"z":4.888373389409358}},"children":[{"tileInfo":{"boundingBox":{"max":{"x":1151.190173761276,"y":342.3638397039463,"z":28.46491857291719},"min":{"x":982.2117416170330,"y":301.1183415444687,"z":4.888373389409358}},"lodNum":3,"modelPath":"Tile_-3634_10601_0000_0000_0004.s3mb","rangeMode":"pixelSizeOnScreen","rangeValue":8.0}}],"lodNum":2,"modelPath":"Tile_-3634_10601_0000_0001_0004.s3mb","rangeMode":"pixelSizeOnScreen","rangeValue":4.0}}],"lodNum":1,"modelPath":"Tile_-3634_10601_0000_0002_0001.s3mb","rangeMode":"pixelSizeOnScreen","rangeValue":2.0}}],"lodNum":0,"modelPath":"Tile_-3634_10601_0000.s3mb","rangeMode":"pixelSizeOnScreen","rangeValue":1.0}}}
