{"lodTreeExport":{"name":"Tile_-3634_10600_0000","status":{"lodCount":4,"tilesCount":4},"tileInfo":{"boundingBox":{"max":{"x":437.7881365839493,"y":1011.063352292735,"z":20.33074198877458},"min":{"x":-196.0833707296665,"y":-3.488618820985039,"z":5.023829870880840}},"children":[{"tileInfo":{"boundingBox":{"max":{"x":437.7881365839493,"y":1011.063352292735,"z":20.33074198877458},"min":{"x":-196.0833707296665,"y":-3.488618820985039,"z":5.023829870880840}},"children":[{"tileInfo":{"boundingBox":{"max":{"x":437.7881365839493,"y":1011.063352292735,"z":20.33074198877458},"min":{"x":-196.0833707296665,"y":-3.488618820985039,"z":5.023829870880840}},"children":[{"tileInfo":{"boundingBox":{"max":{"x":437.7881365839493,"y":1011.063352292735,"z":20.33074198877458},"min":{"x":-196.0833707296665,"y":-3.488618820985039,"z":5.023829870880840}},"lodNum":3,"modelPath":"Tile_-3634_10600_0000_0000_0000.s3mb","rangeMode":"pixelSizeOnScreen","rangeValue":8.0}}],"lodNum":2,"modelPath":"Tile_-3634_10600_0000_0001_0000.s3mb","rangeMode":"pixelSizeOnScreen","rangeValue":4.0}}],"lodNum":1,"modelPath":"Tile_-3634_10600_0000_0002_0000.s3mb","rangeMode":"pixelSizeOnScreen","rangeValue":2.0}}],"lodNum":0,"modelPath":"Tile_-3634_10600_0000.s3mb","rangeMode":"pixelSizeOnScreen","rangeValue":1.0}}}
