{"lodTreeExport":{"name":"Tile_-3634_10601_0000","status":{"lodCount":4,"tilesCount":4},"tileInfo":{"boundingBox":{"max":{"x":1150.806522151378,"y":896.0242760521130,"z":20.24899312109978},"min":{"x":476.1251310601881,"y":203.9160003717047,"z":5.120840636072710}},"children":[{"tileInfo":{"boundingBox":{"max":{"x":1150.806522151378,"y":896.0242760521130,"z":20.24899312109978},"min":{"x":476.1251310601881,"y":203.9160003717047,"z":5.120840636072710}},"children":[{"tileInfo":{"boundingBox":{"max":{"x":1150.806522151378,"y":896.0242760521130,"z":20.24899312109978},"min":{"x":476.1251310601881,"y":203.9160003717047,"z":5.120840636072710}},"children":[{"tileInfo":{"boundingBox":{"max":{"x":1150.806522151378,"y":896.0242760521130,"z":20.24899312109978},"min":{"x":476.1251310601881,"y":203.9160003717047,"z":5.120840636072710}},"lodNum":3,"modelPath":"Tile_-3634_10601_0000_0000_0000.s3mb","rangeMode":"pixelSizeOnScreen","rangeValue":8.0}}],"lodNum":2,"modelPath":"Tile_-3634_10601_0000_0001_0000.s3mb","rangeMode":"pixelSizeOnScreen","rangeValue":4.0}}],"lodNum":1,"modelPath":"Tile_-3634_10601_0000_0002_0000.s3mb","rangeMode":"pixelSizeOnScreen","rangeValue":2.0}}],"lodNum":0,"modelPath":"Tile_-3634_10601_0000.s3mb","rangeMode":"pixelSizeOnScreen","rangeValue":1.0}}}
