{"lodTreeExport":{"name":"Tile_-3634_10599_0000","status":{"lodCount":4,"tilesCount":4},"tileInfo":{"boundingBox":{"max":{"x":-244.9679815718574,"y":1047.976206935937,"z":26.75709811726694},"min":{"x":-1170.868282423680,"y":-11.33316964841731,"z":4.703856626797473}},"children":[{"tileInfo":{"boundingBox":{"max":{"x":-244.9679815718574,"y":1047.976206935937,"z":26.75709811726694},"min":{"x":-1170.868282423680,"y":-11.33316964841731,"z":4.703856626797473}},"children":[{"tileInfo":{"boundingBox":{"max":{"x":-244.9679815718574,"y":1047.976206935937,"z":26.75709811726694},"min":{"x":-1170.868282423680,"y":-11.33316964841731,"z":4.703856626797473}},"children":[{"tileInfo":{"boundingBox":{"max":{"x":-244.9679815718574,"y":1047.976206935937,"z":26.75709811726694},"min":{"x":-1170.868282423680,"y":-11.33316964841731,"z":4.703856626797473}},"lodNum":3,"modelPath":"Tile_-3634_10599_0000_0000_0000.s3mb","rangeMode":"pixelSizeOnScreen","rangeValue":8.0}}],"lodNum":2,"modelPath":"Tile_-3634_10599_0000_0001_0000.s3mb","rangeMode":"pixelSizeOnScreen","rangeValue":4.0}}],"lodNum":1,"modelPath":"Tile_-3634_10599_0000_0002_0000.s3mb","rangeMode":"pixelSizeOnScreen","rangeValue":2.0}}],"lodNum":0,"modelPath":"Tile_-3634_10599_0000.s3mb","rangeMode":"pixelSizeOnScreen","rangeValue":1.0}}}
