{"lodTreeExport":{"name":"Tile_-3633_10599_0000","status":{"lodCount":5,"tilesCount":29},"tileInfo":{"boundingBox":{"max":{"x":-233.9849908103638,"y":95.84188363548401,"z":28.52312590609173},"min":{"x":-1224.649765897334,"y":-972.3502363922544,"z":4.690452486684620}},"children":[{"tileInfo":{"boundingBox":{"max":{"x":-233.9849908103638,"y":95.84188363548401,"z":5.524967623188513},"min":{"x":-1224.592736800935,"y":-460.8783172188071,"z":4.879276816901616}},"children":[{"tileInfo":{"boundingBox":{"max":{"x":-911.3052500414729,"y":54.81332906539544,"z":5.137246415428577},"min":{"x":-1167.673199444140,"y":-202.1979103130653,"z":4.892494576162973}},"children":[{"tileInfo":{"boundingBox":{"max":{"x":-911.3052500414729,"y":54.81332906539544,"z":5.137246415428577},"min":{"x":-1167.673199444140,"y":-202.1979103130653,"z":4.892494576162973}},"lodNum":3,"modelPath":"Tile_-3633_10599_0000_0000_0000.s3mb","rangeMode":"pixelSizeOnScreen","rangeValue":8.0}}],"lodNum":2,"modelPath":"Tile_-3633_10599_0000_0001_0000.s3mb","rangeMode":"pixelSizeOnScreen","rangeValue":4.0}},{"tileInfo":{"boundingBox":{"max":{"x":-911.3117017499183,"y":-202.2330233003905,"z":5.134256743115160},"min":{"x":-1167.679462983565,"y":-457.4354631772401,"z":4.879276816901616}},"children":[{"tileInfo":{"boundingBox":{"max":{"x":-911.3117017499183,"y":-202.2330233003905,"z":5.134256743115160},"min":{"x":-1167.679462983565,"y":-457.4354631772401,"z":4.879276816901616}},"lodNum":3,"modelPath":"Tile_-3633_10599_0000_0000_0001.s3mb","rangeMode":"pixelSizeOnScreen","rangeValue":8.0}}],"lodNum":2,"modelPath":"Tile_-3633_10599_0000_0001_0001.s3mb","rangeMode":"pixelSizeOnScreen","rangeValue":4.0}},{"tileInfo":{"boundingBox":{"max":{"x":-233.9849908103638,"y":95.84188363548401,"z":5.524967623188513},"min":{"x":-1224.592736800935,"y":-460.8783172188071,"z":4.891090739732438}},"children":[{"tileInfo":{"boundingBox":{"max":{"x":-233.9849908103638,"y":95.86871736865408,"z":5.524967623188513},"min":{"x":-1224.592227656464,"y":-460.8837599384127,"z":4.891243154587176}},"children":[{"tileInfo":{"boundingBox":{"max":{"x":-233.9849908103638,"y":95.86871736865408,"z":5.180981831104156},"min":{"x":-1224.592227656464,"y":-460.8837599384127,"z":4.891243154587176}},"lodNum":4,"modelPath":"Tile_-3633_10599_0000_-0001_0002.s3mb","rangeMode":"pixelSizeOnScreen","rangeValue":16.0}},{"tileInfo":{"boundingBox":{"max":{"x":-662.9718419864563,"y":48.88553393771005,"z":5.524967623188513},"min":{"x":-1153.354203470553,"y":-451.0271388848797,"z":5.089383713131982}},"lodNum":4,"modelPath":"Tile_-3633_10599_0000_-0001_0003.s3mb","rangeMode":"pixelSizeOnScreen","rangeValue":16.0}}],"lodNum":3,"modelPath":"Tile_-3633_10599_0000_0000_0002.s3mb","rangeMode":"pixelSizeOnScreen","rangeValue":8.0}}],"lodNum":2,"modelPath":"Tile_-3633_10599_0000_0001_0002.s3mb","rangeMode":"pixelSizeOnScreen","rangeValue":4.0}}],"lodNum":1,"modelPath":"Tile_-3633_10599_0000_0002_0000.s3mb","rangeMode":"pixelSizeOnScreen","rangeValue":2.0}},{"tileInfo":{"boundingBox":{"max":{"x":-263.3276225193740,"y":-445.2991969084923,"z":28.48923687400424},"min":{"x":-1224.649765897334,"y":-972.3502363922544,"z":4.836755885678807}},"children":[{"tileInfo":{"boundingBox":{"max":{"x":-972.1396495077751,"y":-460.8974016434877,"z":28.45821963323593},"min":{"x":-1064.829348493299,"y":-501.7282269068479,"z":4.891401984872616}},"children":[{"tileInfo":{"boundingBox":{"max":{"x":-972.1396495077751,"y":-460.8974016434877,"z":28.45821963323593},"min":{"x":-1064.829348493299,"y":-501.7282269068479,"z":4.891401984872616}},"lodNum":3,"modelPath":"Tile_-3633_10599_0000_0000_0003.s3mb","rangeMode":"pixelSizeOnScreen","rangeValue":8.0}}],"lodNum":2,"modelPath":"Tile_-3633_10599_0000_0001_0003.s3mb","rangeMode":"pixelSizeOnScreen","rangeValue":4.0}},{"tileInfo":{"boundingBox":{"max":{"x":-263.3276225193740,"y":-445.2991969084923,"z":28.48923687400424},"min":{"x":-1224.649765897334,"y":-934.6007473998405,"z":4.836755885678807}},"children":[{"tileInfo":{"boundingBox":{"max":{"x":-263.3278941156159,"y":-445.2955656546451,"z":28.48923687400424},"min":{"x":-1224.643052030224,"y":-934.6007480548618,"z":4.836756668757853}},"children":[{"tileInfo":{"boundingBox":{"max":{"x":-263.3278941156159,"y":-445.2955656546451,"z":5.001528688787171},"min":{"x":-1224.643052030224,"y":-934.6007480548618,"z":4.836756668757853}},"lodNum":4,"modelPath":"Tile_-3633_10599_0000_-0001_0005.s3mb","rangeMode":"pixelSizeOnScreen","rangeValue":16.0}},{"tileInfo":{"boundingBox":{"max":{"x":-733.4434614383789,"y":-461.5770258059004,"z":28.48923687400424},"min":{"x":-1078.953445562707,"y":-763.0976883621105,"z":4.866724904835043}},"lodNum":4,"modelPath":"Tile_-3633_10599_0000_-0001_0006.s3mb","rangeMode":"pixelSizeOnScreen","rangeValue":16.0}}],"lodNum":3,"modelPath":"Tile_-3633_10599_0000_0000_0004.s3mb","rangeMode":"pixelSizeOnScreen","rangeValue":8.0}}],"lodNum":2,"modelPath":"Tile_-3633_10599_0000_0001_0004.s3mb","rangeMode":"pixelSizeOnScreen","rangeValue":4.0}},{"tileInfo":{"boundingBox":{"max":{"x":-733.4483258962184,"y":-521.5309602570931,"z":5.591185539363551},"min":{"x":-1076.074707516005,"y":-972.3502363922544,"z":4.838767026050188}},"children":[{"tileInfo":{"boundingBox":{"max":{"x":-733.4483258962184,"y":-521.5309602570931,"z":5.591185539363551},"min":{"x":-1076.074707516005,"y":-972.3502363922544,"z":4.838767026050188}},"lodNum":3,"modelPath":"Tile_-3633_10599_0000_0000_0005.s3mb","rangeMode":"pixelSizeOnScreen","rangeValue":8.0}}],"lodNum":2,"modelPath":"Tile_-3633_10599_0000_0001_0005.s3mb","rangeMode":"pixelSizeOnScreen","rangeValue":4.0}}],"lodNum":1,"modelPath":"Tile_-3633_10599_0000_0002_0001.s3mb","rangeMode":"pixelSizeOnScreen","rangeValue":2.0}},{"tileInfo":{"boundingBox":{"max":{"x":-233.9954252513433,"y":62.83350757573874,"z":5.796953853255165},"min":{"x":-722.1530023582528,"y":-460.9302540030341,"z":4.952506262315346}},"children":[{"tileInfo":{"boundingBox":{"max":{"x":-233.9954252513433,"y":62.83350757573874,"z":5.796953853255165},"min":{"x":-722.1530023582528,"y":-460.9302540030341,"z":4.952506262315346}},"children":[{"tileInfo":{"boundingBox":{"max":{"x":-233.9954252513433,"y":62.83350757573874,"z":5.796953853255165},"min":{"x":-722.1530023582528,"y":-460.9302540030341,"z":4.952506262315346}},"lodNum":3,"modelPath":"Tile_-3633_10599_0000_0000_0006.s3mb","rangeMode":"pixelSizeOnScreen","rangeValue":8.0}}],"lodNum":2,"modelPath":"Tile_-3633_10599_0000_0001_0006.s3mb","rangeMode":"pixelSizeOnScreen","rangeValue":4.0}}],"lodNum":1,"modelPath":"Tile_-3633_10599_0000_0002_0002.s3mb","rangeMode":"pixelSizeOnScreen","rangeValue":2.0}},{"tileInfo":{"boundingBox":{"max":{"x":-247.7015262927095,"y":-462.9110382094461,"z":28.52312590609173},"min":{"x":-702.9701458510072,"y":-943.6498131011692,"z":4.690452486684620}},"children":[{"tileInfo":{"boundingBox":{"max":{"x":-558.8861701266769,"y":-464.1599676234806,"z":28.50491646897786},"min":{"x":-702.9634332913865,"y":-672.0968767012496,"z":4.926775841280172}},"children":[{"tileInfo":{"boundingBox":{"max":{"x":-558.8861701266769,"y":-464.1599676234806,"z":28.50491646897786},"min":{"x":-702.9634332913865,"y":-672.0968767012496,"z":4.926775841280172}},"lodNum":3,"modelPath":"Tile_-3633_10599_0000_0000_0007.s3mb","rangeMode":"pixelSizeOnScreen","rangeValue":8.0}}],"lodNum":2,"modelPath":"Tile_-3633_10599_0000_0001_0007.s3mb","rangeMode":"pixelSizeOnScreen","rangeValue":4.0}},{"tileInfo":{"boundingBox":{"max":{"x":-277.4908249361609,"y":-462.9110382094461,"z":28.52312590609173},"min":{"x":-546.3970726585101,"y":-672.1117926072365,"z":4.690452486684620}},"children":[{"tileInfo":{"boundingBox":{"max":{"x":-277.4908249361609,"y":-462.9110382094461,"z":28.52312590609173},"min":{"x":-546.3970726585101,"y":-672.1117926072365,"z":4.690452486684620}},"lodNum":3,"modelPath":"Tile_-3633_10599_0000_0000_0008.s3mb","rangeMode":"pixelSizeOnScreen","rangeValue":8.0}}],"lodNum":2,"modelPath":"Tile_-3633_10599_0000_0001_0008.s3mb","rangeMode":"pixelSizeOnScreen",