{"lodTreeExport":{"name":"Tile_-3633_10600_0000","status":{"lodCount":5,"tilesCount":60},"tileInfo":{"boundingBox":{"max":{"x":753.8494102763477,"y":148.4599265753647,"z":185.9871421301267},"min":{"x":-161.1260499926663,"y":-967.4106543514049,"z":3.756982162391163}},"children":[{"tileInfo":{"boundingBox":{"max":{"x":264.7703931983070,"y":-328.3339142964799,"z":136.0165462189036},"min":{"x":-151.6054985193717,"y":-539.8691731611667,"z":4.976455896492048}},"children":[{"tileInfo":{"boundingBox":{"max":{"x":264.7703931983070,"y":-328.3339142964799,"z":136.0165462189036},"min":{"x":-151.6054985193717,"y":-539.8691731611667,"z":4.976455896492048}},"children":[{"tileInfo":{"boundingBox":{"max":{"x":264.7703931983070,"y":-328.3339142964799,"z":136.0165462189036},"min":{"x":-151.6054985193717,"y":-539.8691731611667,"z":4.976455896492048}},"lodNum":3,"modelPath":"Tile_-3633_10600_0000_0000_0000.s3mb","rangeMode":"pixelSizeOnScreen","rangeValue":8.0}}],"lodNum":2,"modelPath":"Tile_-3633_10600_0000_0001_0000.s3mb","rangeMode":"pixelSizeOnScreen","rangeValue":4.0}}],"lodNum":1,"modelPath":"Tile_-3633_10600_0000_0002_0000.s3mb","rangeMode":"pixelSizeOnScreen","rangeValue":2.0}},{"tileInfo":{"boundingBox":{"max":{"x":245.0581730955130,"y":-636.6482330121112,"z":120.7028032498021},"min":{"x":-161.1260499926663,"y":-967.4106543514049,"z":3.756982162391163}},"children":[{"tileInfo":{"boundingBox":{"max":{"x":-18.29218402798842,"y":-638.3740361480899,"z":106.2471874860808},"min":{"x":-118.6334402503864,"y":-766.5567042157228,"z":4.953020558040673}},"children":[{"tileInfo":{"boundingBox":{"max":{"x":-18.29199381652467,"y":-638.3640989074936,"z":106.2456010692387},"min":{"x":-118.6334402503864,"y":-766.5665459340403,"z":4.953020558040673}},"children":[{"tileInfo":{"boundingBox":{"max":{"x":-18.29199381652467,"y":-638.3640989074936,"z":106.2456010692387},"min":{"x":-118.6334402503864,"y":-766.5665459340403,"z":4.953020558040673}},"lodNum":4,"modelPath":"Tile_-3633_10600_0000_-0001_0001.s3mb","rangeMode":"pixelSizeOnScreen","rangeValue":16.0}},{"tileInfo":{"boundingBox":{"max":{"x":-18.29208148261089,"y":-638.3730058300248,"z":96.53959171610364},"min":{"x":-116.4585835578525,"y":-688.0611707092721,"z":4.962022011059873}},"lodNum":4,"modelPath":"Tile_-3633_10600_0000_-0001_0002.s3mb","rangeMode":"pixelSizeOnScreen","rangeValue":16.0}}],"lodNum":3,"modelPath":"Tile_-3633_10600_0000_0000_0001.s3mb","rangeMode":"pixelSizeOnScreen","rangeValue":8.0}}],"lodNum":2,"modelPath":"Tile_-3633_10600_0000_0001_0001.s3mb","rangeMode":"pixelSizeOnScreen","rangeValue":4.0}},{"tileInfo":{"boundingBox":{"max":{"x":-81.44398984562919,"y":-798.2276670068861,"z":120.7028032498021},"min":{"x":-161.1260499926663,"y":-962.9867590856379,"z":4.926299504939558}},"children":[{"tileInfo":{"boundingBox":{"max":{"x":-81.44398984562919,"y":-798.2144558698864,"z":120.6848558713791},"min":{"x":-161.1259750153261,"y":-962.9876611643761,"z":4.926542932701899}},"children":[{"tileInfo":{"boundingBox":{"max":{"x":-81.44893849766525,"y":-803.5438354461446,"z":82.01965589490131},"min":{"x":-156.7481516346062,"y":-962.9876611643761,"z":4.926881901742068}},"lodNum":4,"modelPath":"Tile_-3633_10600_0000_-0001_0003.s3mb","rangeMode":"pixelSizeOnScreen","rangeValue":16.0}},{"tileInfo":{"boundingBox":{"max":{"x":-81.44398984562919,"y":-798.2144558698864,"z":120.6834875834634},"min":{"x":-161.1259750153261,"y":-949.8369020132324,"z":4.929966574666763}},"lodNum":4,"modelPath":"Tile_-3633_10600_0000_-0001_0004.s3mb","rangeMode":"pixelSizeOnScreen","rangeValue":16.0}},{"tileInfo":{"boundingBox":{"max":{"x":-121.8637457790479,"y":-923.7099343349772,"z":120.6848558713791},"min":{"x":-158.2089662533955,"y":-958.9593524203406,"z":4.926542932701899}},"lodNum":4,"modelPath":"Tile_-3633_10600_0000_-0001_0005.s3mb","rangeMode":"pixelSizeOnScreen","rangeValue":16.0}}],"lodNum":3,"modelPath":"Tile_-3633_10600_0000_0000_0002.s3mb","rangeMode":"pixelSizeOnScreen","rangeValue":8.0}}],"lodNum":2,"modelPath":"Tile_-3633_10600_0000_0001_0002.s3mb","rangeMode":"pixelSizeOnScreen","rangeValue":4.0}},{"tileInfo":{"boundingBox":{"max":{"x":241.9686080291277,"y":-636.6482330121112,"z":100.8203704702381},"min":{"x":-18.29141507393236,"y":-810.2698851205053,"z":4.947544818891717}},"children":[{"tileInfo":{"boundingBox":{"max":{"x":241.9686080291277,"y":-636.6411405315034,"z":100.8203704702381},"min":{"x":-18.29167787825216,"y":-810.2698851205053,"z":4.947544818891717}},"children":[{"tileInfo":{"boundingBox":{"max":{"x":241.9686080291277,"y":-636.6411405315034,"z":100.8203704702381},"min":{"x":-9.608550911036268,"y":-810.2698851205053,"z":4.947544818891717}},"lodNum":4,"modelPath":"Tile_-3633_10600_0000_-0001_0006.s3mb","rangeMode":"pixelSizeOnScreen","rangeValue":16.0}},{"tileInfo":{"boundingBox":{"max":{"x":115.7675710853358,"y":-636.6478229959126,"z":84.52973190077270},"min":{"x":-18.29167787825216,"y":-730.0620128151171,"z":4.958714442335131}},"lodNum":4,"modelPath":"Tile_-3633_10600_0000_-0001_0007.s3mb","rangeMode":"pixelSizeOnScreen","rangeValue":16.0}}],"lodNum":3,"modelPath":"Tile_-3633_10600_0000_0000_0003.s3mb","rangeMode":"pixelSizeOnScreen","rangeValue":8.0}}],"lodNum":2,"modelPath":"Tile_-3633_10600_0000_0001_0003.s3mb","rangeMode":"pixelSizeOnScreen","rangeValue":4.0}},{"tileInfo":{"boundingBox":{"max":{"x":245.0581730955130,"y":-764.4771639332957,"z":105.6145501083689},"min":{"x":-62.69544141951971,"y":-967.4106543514049,"z":3.756982162391163}},"children":[{"tileInfo":{"boundingBox":{"max":{"x":245.0581730955130,"y":-764.4771639332957,"z":105.6145869225925},"min":{"x":-62.69544141951971,"y":-967.4106543515386,"z":3.757624842021573}},"children":[{"tileInfo":{"boundingBox":{"max":{"x":245.0581730955130,"y":-764.4771639332957,"z":104.1381416335155},"min":{"x":81.65750848052967,"y":-966.3605831016922,"z":4.932843315977567}},"lodNum":4,"modelPath":"Tile_-3633_10600_0000_-0001_0008.s3mb","rangeMode":"pixelSizeOnScreen","rangeValue":16.0}},{"tileInfo":{"boundingBox":{"max":{"x":245.0579383956098,"y":-821.0190481732866,"z":33.38987267396099},"min":{"x":156.0991986245187,"y":-967.4106543515386,"z":4.925298454681923}},"lodNum":4,"modelPath":"Tile_-3633_10600_0000_-0001_0009.s3mb","rangeMode":"pixelSizeOnScreen","rangeValue":16.0}},{"tileInfo":{"boundingBox":{"max":{"x":94.68239768226202,"y":-801.3702195750693,"z":28.94894973107515},"min":{"x":41.00034593031071,"y":-845.0480756909162,"z":4.943964774924408}},"lodNum":4,"modelPath":"Tile_-3633_10600_0000_-0001_0010.s3mb","rangeMode":"pixelSizeOnScreen","rangeValue":16.0}},{"tileInfo":{"boundingBox":{"max":{"x":67.25144515373505,"y":-863.2809293417053,"z":105.6145869225925},"min":{"x":-32.38273491972065,"y":-940.1187862729548,"z":4.930768260270308}},"lodNum":4,"modelPath":"Tile_-3633_10600_0000_-0001_0011.s3mb","rangeMode":"pixelSizeOnScreen","rangeValue":16.0}},{"tileInfo":{"boundingBox":{"max":{"x":20.57446249533266,"y":-801.1994962152073,"z":100.9181903481094},"min":{"x":-62.69544141951971,"y":-874.869929090110,"z":3.757624842021573}},"lodNum":4,"modelPath":"Tile_-3633_10600_0000_-0001_0012.s3mb","rangeMode":"pixelSizeOnScreen","rangeValue":16.0}},{"tileInfo":{"boundingBox":{"max":{"x":16.84063018160916,"y":-797.2619492883381,"z":27.78355227435621},"min":{"x":-57.75854158555632,"y":-843.4529838584647,"z":4.877897887890208}},"lodNum":4,"modelPath":"Tile_-3633_10600_0000_-0001_0013.s3mb","rangeMode":"pixelSizeOnScreen","rangeValue":16.0}}],"lodNum":3,"modelPath":"Tile_-3633_10600_0000_0000_0004.s3mb","rangeMode":"pixelSizeOnScreen","rangeValue":8.0}}],"lodNum":2,"modelPath":"Tile_-3633_10600_0000_0001_0004.s3mb","rangeMode":"pixelSizeOnScreen","rangeValue":4.0}}],"lodNum":1,"modelPath":"Tile_-3633_10600_0000_0002_0001.s3mb","rangeMode":"pixelSizeOnScreen","rangeValue":2.0}},{"tileInfo":{"boundingBox":{"max":{"x":753.8494102763477,"y":148.4599265753647,"z":142.4959601586966},"min":{"x":138.8746830167651,"y":-522.2607453102316,"z":4.960267015871589}},