{"lodTreeExport":{"name":"Tile_-3633_10601_0000","status":{"lodCount":4,"tilesCount":4},"tileInfo":{"boundingBox":{"max":{"x":1157.604207645242,"y":281.4872246085217,"z":20.57342951924293},"min":{"x":473.1900711355441,"y":-570.8026947156938,"z":5.380309053192216}},"children":[{"tileInfo":{"boundingBox":{"max":{"x":1157.604207645242,"y":281.4872246085217,"z":20.57342951924293},"min":{"x":473.1900711355441,"y":-570.8026947156938,"z":5.380309053192216}},"children":[{"tileInfo":{"boundingBox":{"max":{"x":1157.604207645242,"y":281.4872246085217,"z":20.57342951924293},"min":{"x":473.1900711355441,"y":-570.8026947156938,"z":5.380309053192216}},"children":[{"tileInfo":{"boundingBox":{"max":{"x":1157.604207645242,"y":281.4872246085217,"z":20.57342951924293},"min":{"x":473.1900711355441,"y":-570.8026947156938,"z":5.380309053192216}},"lodNum":3,"modelPath":"Tile_-3633_10601_0000_0000_0000.s3mb","rangeMode":"pixelSizeOnScreen","rangeValue":8.0}}],"lodNum":2,"modelPath":"Tile_-3633_10601_0000_0001_0000.s3mb","rangeMode":"pixelSizeOnScreen","rangeValue":4.0}}],"lodNum":1,"modelPath":"Tile_-3633_10601_0000_0002_0000.s3mb","rangeMode":"pixelSizeOnScreen","rangeValue":2.0}}],"lodNum":0,"modelPath":"Tile_-3633_10601_0000.s3mb","rangeMode":"pixelSizeOnScreen","rangeValue":1.0}}}
